"PYTANIE","ODP_A","ODP_B","ODP_C","POPRAWNA","ZRODLO"
"Bronią, w rozumieniu ustawy o broni i amunicji, nie jest:","broń palna","broń pneumatyczna","broń ostra","C","art. 4 ust. 1 uobia"
"Bronią, w rozumieniu ustawy o broni i amunicji, jest:","miotacz gazu obezwładniającego","miotacz gazu łzawiącego","miotacz gazu pieprzowego","A","art. 4 ust. 1 uobia"
"Bronią, w rozumieniu ustawy o broni i amunicji, nie jest:","kastet","nóż","pałka wykonana z drewna lub innego ciężkiego i twardego materiału, imitująca kij bejsbolowy","B","art. 4 ust. 1 uobia"
"Bronią, w rozumieniu ustawy o broni i amunicji, jest:","broń cięciwowa w postaci łuku","proca","broń cięciwowa w postaci kuszy","C","art. 4 ust. 1 uobia"
"Amunicją, w rozumieniu ustawy o broni i amunicji są:","naboje przeznaczone do strzelania z broni palnej","naboje przeznaczone do strzelania z broni pneumatycznej","wszystkie naboje, bez względu na ich przeznaczenie","A","art. 4 ust. 3 uobia"
"Istotną częścią broni palnej, w rozumieniu ustawy o broni i amunicji, nie jest:","komora zamkowa","lufa z komorą nabojową","magazynek","C","art. 5 ust. 2 uobia"
"Istotną częścią broni palnej, w rozumieniu ustawy o broni i amunicji, jest:","szczerbinka","sprężyna powrotna","szkielet broni","C","art. 5 ust. 2 uobia"
"Istotną częścią broni palnej, w rozumieniu ustawy o broni i amunicji, nie jest:","tłumik","lufa z komorą nabojową","zamek","A","art. 5 ust. 2 uobia"
"Istotną częścią broni palnej, w rozumieniu ustawy o broni i amunicji, nie jest:","baskila","kolba","zamek","B","art. 5 ust. 2 uobia"
"Istotną częścią broni palnej, w rozumieniu ustawy o broni i amunicji, jest:","bęben nabojowy","rękojeść","muszka","A","art. 5 ust. 2 uobia"
"Istotną częścią amunicji, w rozumieniu ustawy o broni i amunicji, jest:","śrut strzelecki","materiał miotający w postaci prochu strzelniczego","odpowiedzi a. i b. są nieprawidłowe","B","art. 5 ust. 3 uobia"
"Istotną częścią amunicji, w rozumieniu ustawy o broni i amunicji, nie jest:","spłonka inicjująca spalanie materiału miotającego","pocisk wypełniony materiałami wybuchowymi, chemicznymi środkami obezwładniającymi lub zapalającymi albo innymi substancjami, których działanie zagraża życiu lub zdrowiu","łuska łącząca w całość inne elementy naboju","C","art. 5 ust. 3 uobia"
"Dokonywanie przeróbek broni zmieniających jej rodzaj, kaliber lub przeznaczenie, bez wymaganego zezwolenia jest:","wykroczeniem","przestępstwem","odpowiedzi a. i b. są nieprawidłowe","B","art. 6 ust. 2 uobia"
"Dokonywanie przeróbek broni zmieniających jej rodzaj, kaliber lub przeznaczenie, bez wymaganego zezwolenia jest:","dozwolone wyłącznie wówczas, gdy posiadacz pozwolenia na broń jest uprawniony do posiadania również broni, która powstanie po przeróbce","zabronione","dozwolone wyłącznie wówczas, gdy zezwala na to specyfikacja techniczna broni, a dokonana przeróbka nie wpłynie na bezpieczeństwo podczas używania broni","B","art. 6 ust. 2 uobia"
"Bronią palną, w rozumieniu ustawy o broni i amunicji, jest:","broń lufowa, która jest przenośna","broń lufowa, która jest stacjonarna","odpowiedzi a. i b. są prawidłowe","A","art. 7 ust. 1 uobia"
"Bronią palną, w rozumieniu ustawy o broni i amunicji, jest:","broń, która jest przystosowana do miotania jednego lub większej liczby pocisków w wyniku działania sprężonego gazu","broń, która jest przystosowana do miotania jednego lub większej liczby pocisków w wyniku działania materiału miotającego","broń, która jest przystosowana do miotania jednego lub większej liczby pocisków w wyniku działania energii elektrycznej","B","art. 7 ust. 1 uobia"
"Bronią palną, w rozumieniu ustawy o broni i amunicji nie jest:","strzebla gładkolufowa","karabinek pneumatyczny","pistolet sygnałowy","B","art. 7 ust. 1 uobia"
"Bronią palną sygnałową, w rozumieniu ustawy o broni i amunicji, jest urządzenie wielokrotnego użycia, które w wyniku działania sprężonych gazów, powstających na skutek spalania materiału miotającego, jest zdolne do wystrzelenia substancji w postaci ładunku pirotechnicznego celem wywołania efektu wizualnego lub akustycznego z lufy o kalibrze:","nie mniejszym niż 25 mm","nie mniejszym niż 12 mm","nie mniejszy m niż 6 mm","A","art. 7 ust. 2 uobia"
"Bronią palną alarmową, w rozumieniu ustawy o broni i amunicji, jest:","urządzenie wielokrotnego użycia, które w wyniku działania sprężonych gazów, powstających na skutek spalania materiału miotającego, wywołuje efekt wizualny, a wystrzelona z lufy lub elementu ją zastępującego substancja razi cel na odległość nie większą niż 2 metry","urządzenie wielokrotnego użycia, które w wyniku działania sprężonych gazów, powstających na skutek spalania materiału miotającego, wywołuje efekt wizualny i akustyczny, a wystrzelona z lufy lub elementu ją zastępującego substancja razi cel na odległość nie większą niż 3 metry","urządzenie wielokrotnego użycia, które w wyniku działania sprężonych gazów, powstających na skutek spalania materiału miotającego, wywołuje efekt akustyczny, a wystrzelona z lufy lub elementu ją zastępującego substancja razi cel na odległość nie większą niż 1 metr","C","art. 7 ust. 3 uobia"
"Bronią pneumatyczną, w rozumieniu ustawy o broni i amunicji, jest:","urządzenie zdolne do rażenia celów na odległość, pociskiem wystrzeliwanym z lufy lub elementu ją zastępującego z energią kinetyczną przekraczającą 17 J","urządzenie zdolne do rażenia celów na odległość, pociskiem wystrzeliwanym z lufy lub elementu ją zastępującego z energią kinetyczną przekraczającą 15 J","urządzenie zdolne do rażenia celów na odległość, pociskiem wystrzeliwanym z lufy lub elementu ją zastępującego z energią kinetyczną przekraczającą 13 J","A","art. 8 uobia"
"Pozwolenie na broń palną wydaje:","komendant wojewódzki Policji właściwy ze względu na miejsce czasowego pobytu zainteresowanej osoby","komendant wojewódzki Policji właściwy ze względu na miejsce stałego pobytu zainteresionej osoby","komendant wojewódzki policji właściwy ze względu na miejsce zameldowania zainteresionej osoby","B","art. 9 ust. 1 uobia"
"Pozwolenie na broń zwane świadectwem broni wydaje:","komendant wojewódzki Policji właściwy ze względu na siedzibę zainteresowanego podmiotu","komendant powiatowy Policji właściwy ze względu na siedzibę zainteresowanego podmiotu","komendant wojewódzki Policji lub komendant oddziału Żandarmerii Wojskowej, właściwy ze względu na siedzibę zainteresowanego podmiotu",?,"art. 9 ust. 1 uobia"
"Kartę rejestracyjną broni pozbawionej cech użytkowych wydaje:","komendant wojewódzki policji właściwy ze względu na miejsce czasowego pobytu zainteresionej osoby","komendant wojewódzki policji właściwy ze względu na miejsce zameldowania zainteresionej osoby","komendant wojewódzki policji właściwy ze względu na miejsce stałego pobytu zainteresionej osoby","C","art. 9 ust. 2 uobia"
"Pozwolenie na miotacz gazu obezwładniającego wydaje:","komendant powiatowy policji właściwy ze względu na miejsce stałego pobytu zainteresionej osoby","komendant powiatowy policji właściwy ze względu na miejsce czasowego pobytu zainteresionej osoby","komendant powiatowy policji właściwy ze względu na miejsce zameldowania zainteresionej osoby","A","art. 9 ust. 3 uobia"
"Kartę rejestracyjną broni pneumatycznej wydaje:","komendant powiatowy policji właściwy ze względu na miejsce czasowego pobytu zainteresionej osoby","komendant powiatowy policji właściwy ze względu na miejsce stałego pobytu zainteresionej osoby","komendant powiatowy policji właściwy ze względu na miejsce zameldowania zainteresionej osoby","B","art. 9 ust. 4 uobia"
"Pozwolenie na broń wydawane jest:","na czas nieokreślony","na 5 lat","na 3 lata","A","art. 9 ust. 6 uobia"
"Dopuszczenie do posiadania broni wydawane jest:","na 5 lat","na czas nieokreślony","na 3 lata",B,"art. 9 ust. 6 i art. 30 ust. 2 uobia"
"Karta rejestracyjna broni palnej pozbawionej cech użytkowych wydawana jest:","na 3 lata","na 5 lat","na czas nieokreślony","C","art. 9 ust. 6 uobia"
"Karta rejestracyjna broni pneumatycznej wydawana jest:","na czas nieokreślony","na 3 lata","na 5 lat","A","art. 9 ust. 6 uobia"
"Pozwolenie na broń palną bojową wydane w celu ochrony osobistej stanowi jednocześnie pozwolenie na:","broń sportową","broń gazową i alarmową","broń alarmową i sygnałową","B","art. 9 ust. 7 uobia"
"Legitymację osoby dopuszczonej do posiadania broni wydaje:","komendant wojewódzki Policji właściwy ze względu na miejsce stałego pobytu zainteresionej osoby","komendant wojewódzki Policji właściwy ze względu na miejsce czasowego pobytu zainteresionej osoby","komendant wojewódzki Policji właściwy ze względu na miejsce zameldowania zainteresionej osoby","A","art. 9 ust. 8 uobia"
"Świadectwo broni w myśl ustawy o broni i amunicji to:","certyfikat producenta broni, umożliwiający jej bezpieczne użytkowanie","potwierdzenie, że jednostka broni nie była rejestrowana kryminalistycznie","pozwolenie na broń na okaziciela","C","art. 9 ust. 8 uobia"
"Właściwy organ Policji wydaje pozwolenie na broń jeżeli:","wnioskodawca przedstawi ważną przyczynę posiadania broni","wnioskodawca przedstawi zaświadczenie lekarskie o stanie zdrowia","wnioskodawca posiada warunki do przechowywania broni","A","art. 10 ust. 1 uobia"
"Właściwy organ Policji wydaje pozwolenie na broń jeżeli:","wnioskodawca nie stano wizagrożenia dla samego siebie","wnioskodawca nie stanowi zagrożenia dla porządku lub bezpieczeństwa publicznego","odpowiedzi a. i b. są prawidłowe","C","art. 10 ust. 1 uobia"
"Za ważną przyczynę posiadania broni do celów ochrony osobistej uważa się w szczególności:","stałe, realne i ponadprzeciętne zagrożenie życia, zdrowia lub mienia","zatrudnienie jako kwalifikowany pracownik ochrony fizycznej","poczucie zagrożenia w związku z pełnioną służbą","A","art. 10. ust . 3 uobia"
"Za ważną przyczynę posiadania broni do celów łowieckich uważa się w szczególności:","posiadanie licencji Polskiego Związku Łowieckiego","posiadanie uprawnień do wykonywania polowania, ustalonych na podstawie odrębnych przepisów","zaświadczenie o przynależności do koła łowieckiego","B","art. 10. ust. 3 uobia"
"Za ważną przyczynę posiadania broni do celów sportowych uważa się w szczególności:","udokumentowane uczestnictwo w strzeleckich zawodach sportowych","posiadanie zezwolenia właściwego polskiego związku strzeleckiego na udział w strzeleckich zawodach sportowych","udokumentowane członkostwo w stowarzyszeniu o charakterze strzeleckim, posiadanie kwalifikacji sportowych oraz licencji właściwego polskiego związku strzeleckiego","C","art. 10. ust. 3 uobia"
"Za ważną przyczynę posiadania broni do celów rekonstrukcji historycznych uważa się w szczególności:","udokumentowane członkostwo w stowarzyszeniu, którego statutowym celem jest organizowanie rekonstrukcji historycznych oraz zaświadczenie potwierdzające czynny udział w działalności statutowej","udokumentowane członkostwo w stowarzyszeniu o charakterze paramilitarnym","udokumentowany udział w przedsięwzięciach o charakterze historyczn ym","A","art. 10. ust . 3 uobia"
"Za ważną przyczynę posiadania broni do celów kolekcjonerskich uważa się w szczególności:","udokumentowane członkostwo w stowarzyszeniu, którego statutowym celem jest organizowanie rekonstrukcji historycznych","udokumentowane członkostwo w stowarzyszeniu o charakterze kolekcjonerskim","udokumentowany udział w ogólnokrajowych wystawach kolekcjonerów broni","B","art. 10. ust. 3 uobia"
"Za ważną przyczynę posiadania broni do celów pamiątkowych uważa się w szczególności:","udokumentowane nabycie broni w drodze spadku, darowizny lub wyróżnienia","udokumentowany zakup broni historycznej","odpowiedzi a. i b. są nieprawidłowe","A","art. 10. ust. 3 uobia"
"Za ważną przyczynę posiadania broni do celów szkoleniowych uważa się w szczególności:","posiadanie licencji strzeleckiej związku strzeleckiego","zaświadczenie o prowadzeniu strzelnicy","udokumentowane zarejestrowanie działalności gospodarczej w zakresie szkoleń strzeleckich i posiadanie uprawnień do prowadzenia szkoleń strzeleckich","C","art. 10. ust. 3 uobia"
"Na podstawie pozwolenia na broń wydanego w celu ochrony osobistej nie można posiadać:","pistoletu bocznego zapłonu z lufą gwintowaną o kalibrze do 6 mm","rewolweru centralnego zapłonu z lufą gwintowaną o kalibrze od 6 mm do 12 mm","miotacza gazu obezwładniającego","A","art. 10 ust. 4 uobia"
"Na podstawie pozwolenia na broń wydanego do celów łowieckich nie można posiadać:","strzelby powtarzalnej o kalibrze wagomiarowym 12","pistoletu bocznego zapłonu z lufą gwintowaną o kalibrze do 6 mm","karabinu centralnego zapłonu z lufą gwintowaną o kalibrze do 12 mm",B,"art. 10 ust. 4 uobia"
"Na podstawie pozwolenia na broń wydanego w celu sportowym nie można posiadać:","karabinu centralnego zapłonu z lufą gwintowaną o kalibrze do 12 mm","rewolweru przystosowanego do strzelania wyłącznie przy pomocy prochu czarnego (dymnego)","pistoletu sygnałowego","C","art. 10 ust. 4 uobia"
"Na podstawie pozwolenia na broń wydanego w celu szkoleniowym nie można posiadać:","karabinu centralnego zapłonu z lufą gwintowaną o kalibrze do 12 mm","rewolweru przystosowanego do strzelania wyłącznie przy pomocy prochu czarnego (dymnego)","broni alarmowej albo innej broni palnej, konstrukcyjnie przeznaczonej do strzelania wyłącznie amunicją ślepą, w tym samoczynnej",C,"art. 10 ust. 4 uobia"
"Na podstawie pozwolenia na broń wydanego w celu kolekcjonerskim lub pamiątkowym można posiadać:","pistolet sygnałowy","broń alarmową albo inną broń palną, konstrukcyjnie przeznaczoną do strzelania wyłącznie amunicją ślepą, w tym samoczynną","odpowiedzi a. i b. są prawidłowe","C","art. 10 ust. 4 uobia"
"Bronią szczególnie niebezpieczną, w rozumieniu ustawy o broni i amunicji, nie jest:","broń palna z wymienną lufą","samoczynna broń palna zdolna do rażenia celów na odległość","broń palna wytworzona lub przerobiona w sposób pozwalający na zatajenie jej przeznaczenia, a także broń imitująca inne przedmioty","A","art. 10 ust. 5 uobia"
"Bronią szczególnie niebezpieczną, w rozumieniu ustawy o broni i amunicji, nie jest:","broń palna wyposażona w tłumik huku lub przystosowana do strzelania z użyciem tłumika huku","strzelba gładkolufowa posiadająca więcej niż jedną lufę","broń palna, której nie można wykryć przy pomocy urządzeń przeznaczonych do kontroli osób i bagażu","B","art. 10 ust. 5 uobia"
"Amunicją szczególnie niebezpieczną, w rozumieniu ustawy o broni i amunicji, jest:","amunicja z pociskami pełnopłaszczowymi zawierającymi rdzeń wykonany z materiału twardszego niż stop ołowiu","amunicja z pociskami wypełnionymi materiałami wybuchowymi, zapalającymi albo innymi substancjami, których działanie zagraża życiu lub zdrowiu oraz pociski do takiej amunicji","odpowiedzi a. i b. są prawidłowe","C","art. 10 ust. 6 uobia"
"Posiadanie amunicji wytworzonej niefabrycznie, w tym takiej, do której wytworzenia wykorzystywane są fabrycznie nowe elementy amunicji, na własny użytek jest:","zabronione","dozwolone przez osoby posiadające pozwolenie na broń kolekcjonerską","dozwolone przez osoby posiadające pozwolenie na broń szkoleniową","B","art. 10 ust. 6 uobia"
"Właściwy organ Policji może w pozwoleniu na broń ograniczyć lub wykluczyć możliwość noszenia broni:","co potwierdza się w legitymacji posiadacza broni","tylko w przypadku broni posiadanej na pozwolenie do celów kolekcjonerskich, co potwierdza się w legitymacji posiadacza broni","możliwości noszenia broni nie można ograniczyć lub wykluczyć","A","art. 10 ust. 7 uobia"
"Noszenie broni bez zgody właściwego organu Policji jest zabronione w przypadku broni posiadanej na podstawie pozwolenia do celów:","rekonstrukcji historycznych lub kolekcjonerskich","kolekcjonerskich lub pamiątkowych","pamiątkowych lub szkoleniowych","B","art. 10 ust. 8 uobia"
"Noszenie broni, w rozumieniu ustawy o broni i amunicji, to:","każdy sposób przemieszczania załadowanej broni przez osobę posiadającą broń","każdy sposób przemieszczania przeładowanej broni przez osobę posiadającą broń","każdy sposób przemieszczania broni przez osobę posiadającą broń","A","art. 10 ust. 9 uobia"
"Europejską kartę broni palnej wydaje:","komendant wojewódzki Policji właściwy ze względu na miejsce zameldowania osoby zainteresowanej","komendant wojewódzki Policji właściwy ze względu na miejsce czasowego pobytu osoby zainteresionej","komendant wojewódzki Policji właściwy ze względu na miejsce stałego pobytu osoby zainteresionej","C","art. 10a ust. 1 uobia"
"Właściwy organ Policji wydaje Europejską kartę broni palnej:","na wniosek osoby posiadającej broń palną zgodnie z wymogami prawa polskiego","na wniosek organizacji sportowej osobie wskazanej przez ten podmiot oraz posiadającej dopuszczenie do posiadania broni","odpowiedzi a. i b. są prawidłowe","C","art. 10a ust. 1 uobia"
"Europejską kartę broni palnej wydaje się na okres:","do 5 lat","do 3 lat","do 7 lat","A","art. 10a ust. 2 uobia"
"Po upływie okresu ważności Europejskiej karty broni palnej:","należy ją zwrócić","jej ważność może być przedłużona na kolejny okres","należy ją wymienić","B","art. 10a ust. 3 uobia"
"Europejska karta broni palnej traci ważność i podlega zwrotowi:","w przypadku cofnięcia pozwolenia na broń palną lub cofnięcia dopuszczenia do posiadania tego rodzaju broni","w przypadku naruszenia obowiązku zawiadomienia właściwego organu Policji o zmianie miejsca stałego pobytu","w przypadku naruszenia zakazu użyczania broni osobie nieupoważnionej","A","art. 10a ust. 4 uobia"
"Wpisów do Europejskiej karty broni palnej dokonuje:","komendant wojewódzki Policji właściwy ze względu na miejsce zameldowania osoby posiadającej Europejską kartę broni palnej","komendant wojewódzki Policji właściwy ze względu na miejsce czasowego pobytu osoby posiadającej Europejską kartę broni palnej","komendant wojewódzki Policji właściwy ze względu na miejsce stałego pobytu osoby posiadającej Europejską kartę broni palnej",C,"art. 10 ust. 7 uobia"
"Pozwolenia na broń nie wymaga się w przypadku:","posiadania przedmiotów przeznaczonych do obezwładniania osób za pomocą energii elektrycznej o średniej wartości prądu w obwodzie przekraczającej 10 mA","gromadzenia broni w zbiorach muzealnych na podstawie odrębnych przepisów","posiadania broni palnej rozdzielnego ładowania, wytworzonej po roku 1885","B","art. 11 uobia"
"Pozwolenia na broń wymaga się w przypadku:","używania broni w celach sportowych, szkoleniowych lub rekreacyjnych na strzelnicy działającej na podstawie zezwolenia właściwego organu","używania broni palnej sygnałowej i alarmowej do celów wzywania pomocy, ratowniczych, poszukiwawczych oraz przez osoby uprawnione do sygnalizacji zawodnikom rozpoczęcia konkurencji sportowej w trakcie zawodów sportowych, jeżeli wymaga ona takiej sygnalizacji","posiadania broni palnej gazowej","C","art. 11 uobia"
"Pozwolenia na broń nie wymaga się w przypadku:","posiadania broni palnej pozbawionej cech użytkowych","posiadania broni alarmowej albo innej broni palnej, konstrukcyjnie przeznaczonej do strzelania wyłącznie amunicją ślepą, w tym samoczynnej","posiadania broni cięciwowej w postaci kuszy","A","art. 11 uobia"
"Pozwolenia na broń wymaga się w przypadku:","posiadania ręcznych miotaczy gazu obezwładniając ego","posiadania broni pneumatycznej","posiadania przedmiotów przeznaczonych do obezwładniania osób za pomocą energii elektrycznej o średniej wartości prądu w obwodzie przekraczającej 10 mA","C","art. 11 uobia"
"Pozwolenia na broń nie wymaga się w przypadku:","posiadania broni palnej rozdzielnego ładowania, wytworzonej przed rokiem 1885 oraz replik tej broni","posiadania pistoletów sygnałowych","posiadania kastetu","A","art. 11 uobia"
"Pozwolenie na broń jest wydawane:","w drodze postanowienia","w drodze decyzji administracyjnej","w drodze zaświadczenia","B","art. 12 uobia"
"W decyzji administracyjnej, przyznającej pozwolenie na broń, określa się:","wyłącznie cel w jakim zostało wydane","wyłącznie rodzaj i liczbę egzemplarzy broni","cel w jakim zostało wydane oraz rodzaj i liczbę egzemplarzy broni","C","art. 12 uobia"
"Zaświadczenie uprawniające do nabycia broni:","wydawane jest na wniosek osoby posiadającej pozwolenie na broń i uprawnia do nabycia broni i amunicji do tej broni","wydawane jest z urzędu i uprawnia do nabycia broni i amunicji do tej broni","wydawane jest na wniosek osoby posiadającej pozwolenie na broń i uprawnia do nabycia wyłącznie broni","A","art. 12 ust. 2 uobia"
"Zaświadczenie uprawniające do nabycia broni:","uprawnia do nabycia dowolnej ilości broni","uprawnia do nabycia broni w ilości określonej w zaświadczeniu","uprawnia do nabycia wyłącznie jednej sztuki broni","B",""
"Zaświadczenie uprawniające do nabycia broni jest:","ważne 30 dni","ważne 3 miesiące","bezterminowe",C,""
"Nabywając broń palną, na której posiadanie wymagane jest pozwolenie, przy użyciu środków porozumiewania się na odległość, przed wydaniem broni nabywca mający miejsce stałego pobytu na terytorium Rzeczypospolitej Polskiej, dostarcza zbywcy mającemu miejsce stałego pobytu na terytorium Rzeczypospolitej Polskiej:","zaświadczenie uprawniające do nabycia broni","uprzednią zgodę przewozową","zgodę przewozową","A","art. 12a ust. 2 uobia"
"Nabywając broń palną, na której posiadanie wymagane jest pozwolenie, przy użyciu środków porozumiewania się na odległość, przed wydaniem broni nabywca mający miejsce stałego pobytu na terytorium innego niż Rzeczpospolita Polska państwa członkowskiego Unii Europejskiej, dostarcza zbywcy mającemu miejsce stałego pobytu na terytorium Rzeczypospolitej Polskiej :","zgodę przewozową","uprzednią zgodę przewozową","zaświadczenie uprawniające do nabycia broni","B","art. 12a ust 2 uobia"
"Nabywca broni obowiązany jest ją zarejestrować:","w ciągu 7 dni od dnia nabycia","w ciągu 10 dni od dnia nabycia","w ciągu 5 dni od dnia nabycia",C,"art. 13 ust. 1 uobia"
"Rejestracji broni dokonuje się na podstawie:","dowodu nabycia broni","instrukcji obsługi broni","karty gwarancyjnej broni","A","art. 13 ust. 2 uobia"
"Rejestracji broni palnej pozbawionej cech użytkowych dokonuje się na podstawie:","dowodu nabycia broni oraz dodatkowo po przedstawieniu potwierdzenia pozbawienia broni palnej cech użytkowych","wyłącznie dowodu nabycia broni","wyłącznie po przedstawieniu potwierdzenia pozbawienia broni palnej cech użytkowych","A","art. 13 ust. 2 uobia"
"Rejestracji broni palnej dokonuje:","komendant wojewódzki Policji właściwy ze względu na miejsce czasowego pobytu osoby posiadającej pozwolenie na broń","komendant wojewódzki Policji właściwy ze względu na miejsce stałego pobytu osoby posiadającej pozwolenie na broń","komendant wojewódzki Policji właściwy ze względu na miejsce zameldowania osoby posiadającej pozwolenie na broń","B","art. 13 ust. 3 uobia"
"Rejestracji broni palnej pozbawionej cech użytkowych dokonuje:","komendant wojewódzki Policji właściwy ze względu na miejsce czasowego pobytu osoby posiadającej broń palną pozbawioną cech użytkowych","komendant wojewódzki Policji właściwy ze względu na miejsce zameldowania osoby posiadającej broń palną pozbawioną cech użytkowych","komendant wojewódzki Policji właściwy ze względu na miejsce stałego pobytu osoby posiadającej broń palną pozbawioną cech użytkowych","C","art. 13 ust. 3 uobia"
"Rejestracji broni pneumatycznej dokonuje:","komendant wojewódzki Policji właściwy ze względu na miejsce stałego pobytu osoby posiadającej broń pneumatyczną","komendant powiatowy Policji właściwy ze względu na miejsce stałego pobytu osoby posiadającej broń pneumatyczną","komendant komisariatu Policji właściwy ze względu na miejsce stałego pobytu osoby posiadającej broń pneumatyczną",B,"art. 13 ust. 3 uobia"
"Rejestracji broni cięciwowej w postaci kuszy dokonuje:","komendant powiatowy Policji właściwy ze względu na miejsce stałego pobytu osoby posiadającej pozwolenie na broń","komendant powiatowy Policji właściwy ze względu na miejsce czasowego pobytu osoby posiadającej pozwolenie na broń","komendant powiatowy Policji właściwy ze względu na miejsce zameldowania osoby posiadającej pozwolenie na broń","A","art. 13 ust. 3 uobia"
"Zarejestrowanie broni wymagającej pozwolenia na broń potwierdza się w:","karcie rejestracyjnej broni","legitymacji osoby dopuszczonej do posiadania broni","legitymacji posiadacza broni","C","art. 13 ust. 4 uobia"
"Zarejestrowanie broni wymagającej pozwolenia na broń potwierdza się w:","świadectwie broni","legitymacji osoby dopuszczonej do posiadania broni","karcie rejestracyjnej broni","A","art. 13 ust. 4 uobia"
"Zarejestrowanie broni palnej pozbawionej cech użytkowych oraz broni pneumatycznej potwierdza się w:","legitymacji posiadacza broni, która jest wydawana posiadaczowi broni","karcie rejestracyjnej broni, która jest wydawana posiadaczowi broni","legitymacji osoby dopuszczonej do posiadania broni, która jest wydawana posiadaczowi broni","B","art. 13 ust. 5 uobia"
"Zarejestrowanie broni palnej pozbawionej cech użytkowych nie może nastąpić na rzecz osoby, która nie ma ukończonych:","21 lat","18 lat","24 lat",B,"art. 13 ust. 6 uobia"
"Broń pneumatyczna nie może być zarejestrowana na rzecz osoby, która nie ma ukończonych :","24 lat","21 lat","18 lat","C","art. 13 ust. 7 uobia"
"Amunicję można nabywać na podstawie:","legitymacji posiadacza broni, wyłącznie dla tej broni, która jest określona w legitymacji","legitymacji posiadacza broni, dla każdego rodzaju broni","legitymacji osoby dopuszczonej do posiadania broni","A","art. 14 uobia"
"Amunicję można nabywać na podstawie:","legitymacji osoby dopuszczonej do posiadania broni","świadectwa broni i pisemnego zamówienia podmiotu uprawnionego do nabycia amunicji","karty rejestracyjnej broni","B","art. 14 uobia"
"Pozwolenia na broń nie wydaje się osobom:","niemającym ukończonych 24 lat","używającym alkoholu","o znacznie ograniczonej sprawności psychofizycznej","C","art. 15 ust. 1 uobia"
"Pozwolenia na broń nie wydaje się osobom:","o obniżonej sprawności fizycznej","wykazującym istotne zaburzenia funkcjonowania psychologicznego","niemającym ukończonych 24 lat","B","art. 15 ust. 1 uobia"
"Pozwolenia na broń nie wydaje się osobom:","uzależnionym od alkoholu lub od substancji psychoaktywnych","o obniżonej sprawności intelektualnej","odpowiedzi a. i b. są prawidłowe","A","art. 15 ust. 1 uobia"
"Pozwolenia na broń nie wydaje się osobom:","nieposiadającym obywatelstwa polskiego i miejsca zameldowania na terytorium Rzeczypospolitej Polskiej","nieposiadającym miejsca stałego pobytu na terytorium Rzeczypospolitej Polskiej","niebędącym obywatelami Rzeczypospolitej Polskiej",B,"art. 15 ust. 1 uobia"
"Pozwolenia na broń nie wydaje się osobom:","skazanym prawomocnym orzeczeniem sądu w sprawie o wykroczenie","skazanym prawomocnym orzeczeniem sądu za nieumyślne przestępstwo przeciwko mieniu","skazanym prawomocnym orzeczeniem sądu za umyślne przestępstwo lub umyślne przestępstwo skarbowe","C","art. 15 ust. 1 uobia"
"Na wniosek szkoły, organizacji sportowej, Polskiego Związku Łowieckiego, stowarzyszenia obronnego pozwolenie na broń służącą do celów sportowych lub łowieckich może być wydane osobie mającej ukończone:","18 lat","17 lat","16 lat","A","art. 15 ust. 2 uobia"
"Osoba, która występuje z wnioskiem o wydanie pozwolenia na broń, lub osoba, która zgłasza do rejestru broń pneumatyczną, przedstawiają właściwemu organowi Policji:","wyłącznie orzeczenie lekarskie potwierdzające, że może dysponować bronią","wyłącznie orzeczenie psychologiczne potwierdzające, że może dysponować bronią","orzeczenia lekarskie i psychologiczne potwierdzające, że może dysponować bronią","C","art. 15 ust. 3 uobia"
"Osoba posiadająca po zwolenie na broń wydane w celach ochrony osobistej obowiązana jest przedstawić właściwemu organowi Policji orzeczenia lekarskie i psychologiczne potwierdzające, że może dysponować bronią:","raz na 3 lata","raz na 5 lat","nie ma takiego obowiązku",B,"art. 15 ust. 4 uobia"
"Osoba posiadająca pozwolenie na broń wydane w celach kolekcjonerskich, obowiązana jest przedstawić właściwemu organowi Policji orzeczenia lekarskie i psychologiczne potwierdzające, że może dysponować bronią:","nie ma takiego obowiązku","raz na 3 lata","raz na 5 lat",A,"art. 15 ust. 4 uobia"
"W przypadku ujawnienia okoliczności dostatecznie uzasadniających podejrzenie iż osoba posiadająca pozwolenie na broń lub zarejestrowaną broń pneumatyczną należy do osób uzależnionych od alkoholu lub od substancji psychoaktywnych, właściwy organ Policji może:","zobowiązać tę osobę do niezwłocznego poddania się badaniom lekarskim i psychologicznym i przedstawienia wydanych orzeczeń","zobowiązać tę osobę do niezwłocznego poddania się badaniom lekarskim i przedstawienia wydanego orzeczenia","zobowiązać tę osobę do niezwłocznego poddania się badaniom psychologicznym i przedstawienia wydanego orzeczenia","A","art. 15 ust. 5 uobia"
"Od orzeczenia lekarskiego lub psychologicznego przysługuje odwołanie:","nie przysługuje odwołanie","wnoszone ustnie","wnoszone na piśmie","C","art. 15h ust. 1 uobia"
"Odwołanie od orzeczenia lekarskiego lub psychologicznego przysługuje:","wyłącznie komendantowi wojewódzkiemu Policji właściwemu ze względu na miejsce zamieszkania osoby ubiegającej się o pozwolenie na broń","osobie ubiegającej się o pozwolenie na broń  oraz komendantowi wojewódzkiemu Policji właściwemu ze względu na miejsce zamieszkania tej osoby","wyłącznie osobie ubiegającej się o pozwolenie na broń","B","art. 15h ust. 2 uobia"
"Odwołanie od orzeczenia lekarskiego lub psychologicznego wraz z jego uzasadnieniem wnosi się w terminie:","7 dni od dnia doręczenia orzeczenia","30 dni od dnia doręczenia orzeczenia","14 dni od dnia doręczenia orzeczenia",B,"art. 15h ust. 3 uobia"
"Właściwy organ Policji może odmówić wydania pozwolenia na broń osobie, która naruszyła:","warunki określone w pozwoleniu na broń dotyczące ograniczenia lub wykluczenia jej noszenia","przepisy regulaminu określającego zasady zachowania bezpieczeństwa na strzelnicy","obowiązek zawiadomienia o zmianie miejsca zameldowania","A","art. 17 ust. 1 uobia"
"Właściwy organ Policji może odmówić wydania pozwolenia na broń osobie, która naruszyła:","obowiązek pisemnego zgłoszenia przywozu broni lub amunicji przy przekraczaniu granicy","przepisy regulaminu określającego zasady zachowania bezpieczeństwa na strzelnicy","obowiązek zawiadomienia o zmianie miejsca stałego pobytu","A","art. 17 ust. 1 uobia"
"Właściwy organ Policji może odmówić wydania pozwolenia na broń osobie, która:","została ukarana mandatem za wykroczenie w ruchu drogowym","naruszyła obowiązek rejestracji broni w ciągu 5 dni od dnia jej nabycia","naruszyła obowiązek pisemnego zgłoszenia przywozu broni lub amunicji przy przekraczaniu granicy","C","art. 17 ust. 1 uobia"
"Właściwy organ Policji cofa pozwolenie na broń, jeżeli osoba, której takie pozwolenie wydano:","naruszyła zasady przechowywania broni","posiada przy sobie magazynek do broni, której nie posiada","nie przestrzega warunków określonych w pozwoleniu na broń dotyczących ograniczenia lub wykluczenia jej noszenia","C","art. 18 ust. 1 uobia"
"Właściwy organ Policji cofa pozwolenie na broń, jeżeli osoba, której takie pozwolenie wydano:","naruszyła obowiązek zawiadomienia o utracie broni","nie zawiadomiła o zmianie szafy do przechowywania broni","nie zawiadomiła o wyjeździe z bronią na zawody sportowe za granicę","A","art. 18  ust. 1  uobia"
"Właściwy organ Policji cofa pozwolenie na broń, jeżeli osoba, której takie pozwolenie wydano:","została skazana prawomocnym orzeczeniem sądu w sprawie o wykroczenie","zostały jej przedstawione zarzuty popełnienia przestępstwa umyślnego","została skazana prawomocnym orzeczeniem sądu za umyślne przestępstwo lub umyślne przestępstwo skarbowe","C","art. 18 ust. 1 uobia"
"Właściwy organ Policji cofa pozwolenie na broń, jeżeli osoba, której takie pozwolenie wydano:","przemieszcza się z rozładowaną bronią, znajdując się w stanie po użyciu alkoholu, środka odurzającego lub substancji psychotropowej albo środka zastępczego","nosi broń znajdując się w stanie po użyciu alkoholu, środka odurzającego lub substancji psychotropowej albo środka zastępczego","odpowiedzi a. i b. są prawidłowe","C","art. 18  ust. 1  uobia"
"Właściwy organ Policji cofa dopuszczenie do posiadania broni, jeżeli osoba dopuszczona do posiadania broni:","naruszyła obowiązek zawiadomienia o utracie broni","przemieszcza się z rozładowaną bronią albo nosi broń, znajdując się w stanie po użyciu alkoholu, środka odurzającego lub substancji psychotropowej albo środka zastępczego","odpowiedzi a. i b. są prawidłowe","C","art. 18  ust. 2  uobia"
"Właściwy organ Policji cofa dopuszczenie do posiadania broni, jeżeli osoba dopuszczona do posiadania broni:","przemieszcza się z rozładowaną bronią, znajdując się w stanie po użyciu alkoholu, środka odurzającego lub substancji psychotropowej albo środka zastępczego","nosi broń znajdując się w stanie po użyciu alkoholu, środka odurzającego lub substancji psychotropowej albo środka zastępczego","odpowiedzi a. i b. są prawidłowe","C","art. 18 ust. 2 uobia"
"Właściwy organ Policji cofa dopuszczenie do posiadania broni, jeżeli osoba dopuszczona do posiadania broni:","została skazana prawomocnym orzeczeniem sądu za umyślne przestępstwo lub umyślne przestępstwo skarbowe","została skazana prawomocnym orzeczeniem sądu w sprawie o wykroczenie","zostały jej przedstawione zarzuty popełnienia umyślnego przestępstwa","A","art. 18 ust. 2 uobia"
"Jeżeli ustały okoliczności faktyczne, które stanowiły podstawę do wydania pozwolenia na broń, właściwy organ Policji:","może zawiesić pozwolenie na broń","może cofnąć pozwolenie na broń","cofa pozwolenie na broń","B","art. 18 ust. 4  uobia"
"Właściwy organ Policji może cofnąć pozwolenie na broń w przypadku naruszenia przez osobę posiadającą pozwolenie:","przepisów regulaminu określającego zasady zachowania bezpieczeństwa na strzelnicy","obowiązku rejestracji broni w ciągu 5 dni od dnia jej nabycia","obowiązku pisemnego zgłoszenia przywozu broni lub amunicji przy przekraczaniu granicy","A","art. 18 ust. 5 uobia"
"Właściwy organ Policji może cofnąć pozwolenie na broń w przypadku naruszenia przez osobę posiadającą pozwolenie:","obowiązku zawiadomienia właściwego organu o zmianie miejsca stałego pobytu","obowiązku zawiadomienia właściwego organu o miejscu przechowywania broni","obowiązku zawiadomienia organu o użyczeniu broni","B","art. 18 ust. 5 uobia"
"Właściwy organ Policji może cofnąć pozwolenie na broń w przypadku naruszenia przez osobę posiadającą pozwolenie:","zasad przechowywania, noszenia oraz ewidencjonowania broni i amunicji","wymogu uzyskania zgody na wywóz broni i amunicji za granicę","odpowiedzi a. i b. są prawidłowe","A","art. 18 ust. 5 uobia"
Właściwy organ Policji może cofnąć pozwolenie na broń w przypadku:,"używania broni palnej oraz innej broni zdolnej do rażenia celów na odle głość, w celach szkoleniowych i sportowych poza strzelnicą","naruszenia przez osobę posiadającą pozwolenie zakazu użyczania broni osobie nieupoważnionej","odpowiedzi a. i b. są prawidłowe","C","art. 18 ust. 5 uobia"
"Właściwy organ Policji może cofnąć dopuszczenie do posiadania broni w przypadku naruszenia przez osobę dopuszczoną do posiadania broni (art. 18 ust. 6 uobia)","obowiązku zawiadomienia właściwego organu o zmianie miejsca stałego pobytu","obowiązku zawiadomieni a właściwego organu o miejscu przechowywania broni","obowiązku zawiadomienia organu o użyczeniu  broni","?","art. 18 ust. 6 uobia"
"Właściwy organ Policji może cofnąć dopuszczenie do posiadania broni w przypadku:","naruszenia przez osobę dopuszczoną do posiadania broni zakazu użyczania broni osobie nieupoważnionej","używania broni palnej oraz innej broni zdolnej do rażenia celów na odległość, w celach szkoleniowych i sportowych poza strzelnicą","odpowiedzi a. i b. są prawidłowe","C","art. 18 ust. 6 uobia"
"Osoba, której cof nięto pozwolenie na broń, dopuszczenie do posiadania broni lub której unieważniono kartę rejestra cyjną broni, jest zobowiązana zwrócić dokumenty potwierdzające legalność posiadania broni i amunicji do właściwego organu Policji w terminie:","14 dni od dnia otrzymania ostatecznej decyzji o cofnięciu pozwolenia na broń, dopuszczenia do posiadania broni lub unieważnienia karty","30 dni od dnia otrzymania ostatecznej decyzji o cofnięciu pozwolenia na broń, dopuszcze nia do posiadania broni lub unieważnienia karty","7 dni od dnia otrzymania ostatecznej decyzji o cofnięciu pozwolenia na broń, dopuszczenia do posiadania broni l ub unieważnienia karty","A","art. 18 ust. 8 uobia"
"W przypadku ujawnienia, że osoba posiadająca broń zgodnie z przepisami, została skazana prawomocnym orzeczeniem sądu za umyślne przestępstwo, a zwłoka zagrażałaby bezpieczeństwu publicznego, Policja może:","za pokwitowaniem odebrać broń i amunicję oraz dokumenty potwierdzające legalność posiadania broni","za pokwitowaniem odebrać wyłącznie broń i amunicję","za pokwitowaniem odebrać wyłącznie dokumenty potwierdzające legalność posiadania broni","A","art. 19 ust. 1 uobia"
"W przypadku ujawnienia, że osoba posiadająca broń zgodnie z przepisami, narusza zasady przechowywania, noszenia oraz ewidencjonowania broni i amunicji, a zwłoka zagrażałaby bezpieczeństwu publicznego, Policja może:","za pokwitowaniem odebrać wyłącznie broń i amunicję","za pokwitowaniem odebrać broń i amunicję oraz dokumenty potwierdzające legalność posiadania broni","za pokwitowaniem odebrać wyłącznie dokumenty potwierdzające legalność posiadania broni","B","art. 19 ust. 1 uobia"
"Policja może za pokwitowaniem odebrać broń i amunicję oraz dokumenty potwierdzające legalność posiadania broni osobie posiadającej broń zgodnie z przepisami, przeciwko której toczy się postępowanie karne o umyślne przestępstwo lub umyślne przestępstwo skarbowe, do czasu prawomocnego zakończenia tego postępowania, na okres nie dłuższy niż:","3 lata","4 lata","2 lata","A","art. 19 ust. 1a uobia"
"Cofnięcie pozwolenia na broń, dopuszczenia do posiadania broni oraz unieważnienie karty rejestracyjnej broni pneumatycznej następuje:","w drodze zaświadczenia","w drodze postanowienia","w drodze decyzji administracyjnej","C","art. 20 uobia"
"Dopuszcza się zbywanie broni i amunicji do tej broni:","pomiędzy osobami posiadającymi pozwolenie na ten sam rodzaj broni","wyłącznie pomiędzy osobami posiadającymi pozwolenie na broń do celów sportowych i łowieckich","zbywanie broni i amunicji do tej broni pomiędzy posiadaczami pozwolenia na broń jest zabronione","A","art. 21 ust. 1 uobia"
"Zbywający broń i amunicję do tej broni obowiązany jest powiadomić pisemnie o tym fakcie właściwy organ Policji:","w ciągu 7 dni","niezwłocznie","w ciągu 14 dni","A","art. 21 ust. 2 uobia"
"Powiadomienie właściwego organu Policji o zbyciu broni i amunicji do tej broni może nastąpić:","ustnie","telefonicznie","tylko pisemnie","C","art. 21 ust. 2 uobia"
"Osoba, która utraciła uprawnienie do posiadania broni lub której unieważniono kartę rejestracyjną broni pneumatycznej, obowiązana jest zbyć broń i amunicję do tej broni:","niezwłocznie","w ciągu 7 dni","w ciągu 30 dni","A","art. 22 ust. 1 uobia"
"Osoba, która utraciła uprawnienie do posiadania broni lub której unieważniono kartę rejestracyjną broni pneumatycznej, jest obowiązana niezwłocznie:","powiadomić o miejscu przechowywania broni i amunicji najbliższą jednostkę Policji","zbyć broń i amunicję do tej broni","przekazać klucze do szafy na broń osobie, która posiada pozwolenie na broń","A","art. 22 ust. 1 uobia"
"Osoba, która utraciła uprawnienie do posiadania broni lub której unieważniono kartę rejestracyjną broni pneumatycznej, jest obowiązana niezwłocznie:","złożyć broń i amunicję do tej broni do depozytu","zbyć lub pozbawić broń palną cech użytkowych","przekazać klucze do szafy na broń osobie, która posiada pozwolenie na broń","A","art. 22 ust. 1 a uobia"
"W przypadku utraty pozwolenia na broń, jeżeli broń nie zostanie zbyta, należy ją złożyć wraz z amunicją do depozytu właściwego organu Policji:","w terminie 30 dni od utraty pozwolenia","w terminie 14 dni od utraty pozwolenia","w terminie 7 dni od utraty pozwolenia","A","art. 22 ust. 3 uobia"
"Koszty związane z deponowaniem broni i amunicji w przypadku utraty pozwolenia na broń ponosi:","w opisanym przypadku deponowanie broni i amunicji jest bezpłatne","Policja","osoba, która utraciła prawo do posiadania broni i amunicji do niej","C","art. 23 ust. 1 uobia"
"Posiadacz broni w przypadku jej utraty jest zobowiązany niezwłocznie, nie później jednak niż w ciągu 24 godzin od chwili stwierdzenia utraty broni:","zawiadomić o tym Policję albo Żandarmerię Wojskową","zawiadomić o tym Policję albo Prokuraturę","zawiadomić o t ym Policję albo Straż Graniczną","A","art. 25 uobia"
"Posiadacz broni w przypadku jej utraty jest zobowiązany zawiadomić o tym Policję albo Żandarmerię Wojskową:","niezwłocznie, nie później jednak niż w ciągu 72 godzin od chwili stwierdzenia utraty broni","niezwłocznie, nie później jednak niż w ciągu 48 godzin od chwili stwierdzenia utraty broni","niezwłocznie, nie później jednak niż w ciągu 24 godzin od chwili stwierdzenia utraty broni","C","art. 25 uobia"
"Osoba posiadająca pozwolenie na broń lub posiadająca broń podlegającą rejestracji, która nie wymaga pozwolenia na broń, jest obowiązana w razie zmiany miejsca stałego pobytu zawiadomić o tym fakcie pisemnie, organ Policji właściwy ze względu na nowe miejsce stałego pobytu:","w terminie 14 dni od dnia zmiany miejsca stałego pobytu","w terminie 30 dni od dnia zmiany miejsca stałego pobytu","w terminie 7 dni od dnia zmiany miejsca stałego pobytu","A","art. 26 uobia"
"Osoba posiadająca pozwolenie na broń lub posiadająca broń podlegającą rejestracji, która nie wymaga pozwolenia na broń, jest obowiązana w razie zmiany miejsca stałego pobytu zawiadomić o tym fakcie pisemnie, w terminie 14 dni od dnia zmiany miejsca stałego pobytu:","organ Policji właściwy ze względu na dotychczasowe lub nowe miejsce stałego pobytu","organ Policji właściwy ze względu na nowe miejsce stałego pobytu","organ Policji właściwy ze względu na dotychczasowe miejsce stałego pobytu","A","art. 26 uobia"
"Broń odpowiadająca celom łowieckim i broń odpowiadająca celom sportowym oraz amunicja do takiej broni można użyczać osobom posiadającym pozwolenie na broń wydane w celach:","kolekcjonerskich lub sportowych","łowieckich lub sportowych","szkoleniowych lub łowieckich","B","art. 28 uobia"
"Osoby posiadające pozwolenie na broń wydane w celach łowieckich lub sportowych mogą użyczać broń odpowiadającą celom łowieckim lub sportowym od osób posiadających pozwolenie wydane w celu:","sportowym","kolekcjonerskim","odpowiedzi a. i b. są prawidłowe","C","art. 28 uobia"
"Świadectwo broni może być wydane:","podmiotom prowadzącym strzelnicę","osobom fizycznym posiadającym pozwolenie na broń","prywatnym placówkom muzealnym","A","art. 29 ust. 1 uobia"
"Świadectwo broni może być wydane:","osobom fizycznym wpisanym na listę kwalifikowanych pracowników ochrony fizycznej","podmiotom wykonującym zadania związane z realizacją filmów i innych przedsięwzięć artystycznych","osobom posiadającym dopuszczenie do posiadania broni","B","art. 29 ust. 1 uobia"
"Świadectwo na broń, uprawniające do posiadania samoczynnej broni palnej zdolnej do rażenia celów na odległość, może być wydane:","organizatorom kursów, kształcącym w zawodzie pracownika ochrony","stowarzyszeniom strzeleckim","podmiotom prowadzącym strzelnicę","C","art. 29 ust. 2 uobia"
"Dopuszczenie do posiadania broni uprawnia osoby fizyczne do:","korzystania z broni na strzelnicy bez nadzoru prowadzącego strzelanie","posługiwania się bronią podmiotów posiadających świadectwo broni, przy wykonywaniu zadań w ramach prowadzonej działalności","odpowiedzi a. i b. są prawidłowe","C",""
"Dopuszczenia do posiadania broni nie wydaje się osobom:","o znacznie ograniczonej sprawności psychofizycznej","niemającym ukończonych 24 lat","używającym alkoholu","A","art. 30 ust. 1 uobia"
"Dopuszczenia do posiadania broni nie wydaje się osobom:","wykazującym istotne zaburzenia funkcjonowania psychologicznego","o obniżonej sprawności fizycznej","niemającym ukończonych 24 lat","A","art. 30 ust. 1 uobia"
"Dopuszczenia do posiadania broni nie wydaje się osobom:","które nie ukończyły 24  lat","uzależnionym od alkoholu lub od substancji psychoaktywnych","o obniżonej sprawności fizycznej","A","art. 30 ust. 1 uobia"
"Dopuszczenia do posiadania broni nie wydaje się osobom:","nieposiadającym miejsca stałego pobytu na terytorium Rzeczypospolitej Polskiej","nieposiadającym miejsca zameldowania na terytorium Rzeczypospolitej Polskiej","niebędącym obywatelami Rzeczypospolitej Polskiej","?","art. 30 ust. 1 uobia"
"Dopuszczenia do posiadania broni nie wydaje się osobom:","skazanym prawomocnym orzeczeniem sądu w sprawie o wykroczenie","skazanym prawomocnym orzeczeniem sądu za umyślne przestępstwo lub umyślne przestępstwo skarbowe","skazanym prawomocnym orzeczeniem sądu za nieumyślne przestępstwo przeciwko mieniu","B","art. 30 ust. 1 uobia"
"Dopuszczenie do posiadania broni następuje:","w drodze postanowienia","w drodze zaświadczenia","w drodze decyzji administracyjnej","A","art. 30 ust. 2 uobia"
"Broń i amunicję należy przechowywać w sposób:","uniemożliwiający dostęp do nich osób nieuprawnionych","zapobiegający ich uszkodzeniu","niezagrażający innym osobom","A","art. 32 ust. 1 uobia"
"Podmioty posiadające broń i amunicję na podstawie pozwolenia na broń na okaziciela, przechowują broń i amunicję:","w magazynie broni","w urządzeniach spełniających wymagania co najmniej klasy S1 według normy PN-EN 14450","odpowiedzi a. i b. są prawidłowe","C","§3 ust. 1 rozporządzenia w sprawie przechowywania, noszenia oraz ewidencjonowania broni i amunicji"
"Podmioty posiadające broń i amunicję na podstawie pozwolenia na broń na okaziciela, przechowują broń:","z odłączonym magazynkiem, w stanie rozładowanym","z podłączonym magazynkiem, w stanie rozładowanym","z podłączonym magazynkiem, w stanie załadowanym","A","§3 ust. 2 rozporządzenia w sprawie przechowywania, noszenia oraz ewidencjonowania broni i amunicji"
"Podmioty posiadające broń i amunicję na podstawie pozwolenia na broń na okaziciela, przechowują amunicję:","w magazynkach nabojowych","w pudełkach lub pojemnikach, w sposób uniemożliwiający uderzenie w spłonkę naboju","w dowolny sposób, umożliwiający szybki dostęp do amunicji","B","§3 ust. 3 rozporządzenia w sprawie przechowywania, noszenia oraz ewidencjonowania broni i amunicji"
"Osoby posiadające broń i amunicję do niej na podstawie pozwolenia przechowują broń i amunicję:","w urządzeniach spełniających wymagania co najmniej klasy S2 według normy PN-EN 14450","w urządzeniach spełniających wymagania co najmniej klasy S1 według normy PN-EN 14450","w urządzeniach spełniających wymagania co najmniej klasy 0 według normy PN-EN 1143-1","A","§5 ust. 1 rozporządzenia w sprawie przechowywania, noszenia oraz ewidencjonowania broni i amunicji"
"W pomieszczeniu wyposażonym w dodatkowe zabezpieczenia , określone w rozporządzeniu w sprawie przechowywania, noszenia oraz ewidencjonowania broni i amunicji, przechowuje się broń w liczbie:","powyżej 100 egzemplarzy","powyżej 50 egzemplarzy","powyżej 20 egzemplarzy","A","§5 ust. 2 rozporządzenia w sprawie przechowywania, noszenia oraz ewidencjonowania broni i amunicji"
"Osoby posiadające broń i amunicję do broni palnej w celach kolekcjonerskich oraz pamiątkowych, w przypadku przechowywania tej broni i amunicji poza urządzeniami spełniającymi wymagania co najmniej klasy S1 według normy PN-EN 14450, mogą je przechowywać:","w gablotach przeznaczonych do przechowywania broni","na specjalnie przystosowanych regałach","przechowywanie broni i amunicji poza urządzeniami spełniającymi wymagania co najmniej klasy S1 według norm PN-EN 14450 jest zabronione","A","§6 ust. 1 rozporządzenia w sprawie przechowywania, noszenia oraz ewidencjonowania broni i amunicji"
"Broń palną nosi się:","wyłącznie w kasetach na broń","w pudełku, w którym zakupiono broń","kaburach lub futerałach","C","§8 ust. 1 rozporządzenia w sprawie przechowywania, noszenia oraz ewidencjonowania broni i amunicji"
"Broń palną przeznaczoną do ochrony osobistej nosi się:","w sposób jak najmniej widoczny","w sposób umożliwiający jej szybkie dobycie","w sposób widoczny, w kaburze przylegającej do ciała","A","§8 ust. 2 rozporządzenia w sprawie przechowywania, noszenia oraz ewidencjonowania broni i amunicji"
"Zakaz noszenia  lub przemieszczania w stanie rozładowanym  broni i amunicji, na obszarze całego państwa lub na określonych obszarach, na czas określony, w odniesieniu do wszelkiej broni lub niektórych jej rodzajów , może wprowadzić:","Prezydent, w drodze rozporządzenia","minister właściwy do spraw wewnętrznych, w drodze rozp orządzenia","Komendant Główny Policji, w drodze zarządzenia","B","art. 33 ust. 1 uobia"
"Przewóz broni i amunicji przez terytorium Rzeczypospolitej Polskiej może nastąpić na podstawie:","zaświadczenia wydanego przez właściwego konsula Rzeczypospolitej Polskiej","zgody właściwego organu Policji","paszportu","B","art. 34 uobia"
"Przewóz broni i amunicji przez terytorium Rzeczypospolitej Polskiej, przez obywateli państwa członkowskiego Unii Europejskiej może nastąpić na podstawie:","paszportu","zgody właściwego organu Policji","Europejskiej karty broni palnej","C","art. 34 uobia"
"Przewożenie broni i amunicji środkami transportu publicznego :","jest zabronione","jest dopuszczalne przy zachowaniu niezbędnych środków bezpieczeństwa, pod warunkiem, że broń i amunicja są zabezpieczone w sposób uniemożliwiający powstanie zagrożenia życia, zdrowia lub mienia","jest dozwolone wyłącznie za zgodą wła ściwego organu Policji","B","art. 35 uobia"
"Przewożenie broni i amunicji w kabinach pasażerskich statków powietrznych przez osoby inne niż specjalnie do tego upoważnione na pod stawie odrębnych przepisów jest:","zakazane","dozwolone","dozwolone wyłącznie za zgodą w łaściwego organu Policji","A","art. 35 uobia"
"W środkach transportu publicznego, służących do przewozu pasażerów, broń przewozi się :","w stanie załadowanym, z amunicją w magazynkach nabojowych","w stanie rozładowanym, bez amunicji w komorze nabojowej i w magazynkach nabojowych  z wyłączeniem broni do ochrony osobistej oraz ochrony osób i mienia","w środkach transportu publicznego pr zewożenie broni jest zabronione","B","§2 ust. 1 rozporządzenia w sprawie przewoż enia broni i amunicji środkami transportu publicznego"
"W środkach transportu publicznego, służących do przewozu pasażerów, broń do ochrony osobistej, ochrony bezpieczeństwa innych osób oraz mienia:","może być załadowana bez wprowadzonego naboju do komory nabojowej i przewożona w stanie zabezpieczonym","musi być rozładowana, b ez amunicji w komorze nabojowej i w magazynkach oraz przewożona w stanie zabezpieczonym","może być załadowana z wprowadzonym naboje m do komory nabojowej i prz ewożona w stanie zabezpieczonym","B","§2 ust. 2 rozporządzenia w sprawie przewożenia broni i amunicji środkami transportu publicznego"
"Amunicję przewozi się środkami transportu publicznego :","przy zachowaniu niezbędnych wymogów bezpieczeństwa, wykluczających możliwość przypadkowej eksplozji, w ilości do 200 sztuk","przy zachowaniu niezbędnych wymogów bezpieczeństwa, wykluczających możliwość przypadkowej eksplozji, w ilości uzasadnionej potrzebami osoby przewożącej","odpowiedzi a. i b. są nieprawidłowe","A","§3 ust. 1 rozporządzenia w sprawie przewożenia broni i amunicji środkami transportu publicznego"
"Amunicję w środkach transportu przewozi się:","w opakowaniach fabrycznych przeznaczonych do sprzedaży detalicznej lub w pudełkach i pojemnikach, w sposób uniemożliwiający uderzenie w spłonkę naboju","w magazynkach nabojowych","przewożenie amunicji w środ kach transportu jest zabronione","A","§3 ust. 2 rozporządzenia w sprawie przewożenia broni i amunicji środkami transportu publicznego"
"Broń i amunicję w pasażerskich statkach powietrznych przewozi się :","w kasetce spełniającej  wymagania co najmniej klasy S1 według normy PN-EN 14450","w bagażu podręcznym, informując o powyższym fakcie kapitana statku","w lukach bagażowych lub w miejscu wskazanym przez przewoźnika, jako bagaż rejestrowany, do którego pasażerowie nie mają dostępu","C","§5 rozporządzenia w sprawie przewożenia broni i amunicji środkami transportu publicznego"
"Przesyłanie broni lub amunicji za pośrednictwem operatorów świadczących usługi pocztowe jest:","zabronione","dozwolone o ile świadczą oni tego rodzaju usługi","dopuszczalne za zgodą właściwego organu Policji","A","art. 36 uobia"
"Przywóz broni i amunicji, z państw niebędących państwami członkowskimi Unii Europejskiej, przez obywateli polskich wymaga:","uprzedniego wydania zaświadczenia przez właściwego konsula Rzeczypospolitej Polskiej","uprzedniego wydania zgody właściwego organu Policji","poświa dczenia uprzedniej zgody przewozowej i zgody przewozowej","B","art. 37 ust. 1 uobia"
"Osobom deklarującym zakup broni palnej lub amunicji w innym państwie członkowskim Unii Europejskiej właściwy terytorialnie komendant wojewódzki i Policji, na ich wniosek:","poświadcza z godę przewozową","poświadcza uprzednią zgodę przewozową","wydaje zaświadczeni e uprawniające do nabycia broni","B","art. 37a uobia"
"Wywóz broni i amunicji do państwa niebędącego państwem członkowskim Unii Europejskiej przez obywateli polskich wymaga :","zaświadczenia wydanego przez właściwego konsula Rzeczypospolitej Polskiej","uzyskaniu zgody właściwego organu państwa docelowego","zgody właściwego organu Policji","C","art. 38  ust. 1  uobia"
"Wywóz broni i amunicji za granicę przez obywateli polskich nie wymaga zgody właściwego organu Policji w przypadku:","wyjazdu w celach turystycznych, na okres nie dłuższy niż 90 dni","wydania Europejskiej karty broni palnej, uprawniającej do wywozu broni na terytorium państw członkowskich Unii Europejskiej","wydania legitymacji osoby dopuszczonej do posiadania broni","B","art. 38 ust. 2 uobia"
"Komendant wojewódzki Policji odmawia poświadczenia uprzedniej zgody przewozowej i zgody przewozowej,  jeżeli:","zachodzą okoliczności uzasadniające cofnięcie pozwolenia na broń","nie uiszczono opłaty skarbowej za ich poświadczenie","odpowiedzi a. i b. są prawidłowe",A,"art. 43a uobia"
"Broń palna oraz inna broń zdolna do rażenia celów na odległość może być używana w celach szkoleniowych i sportowych:","z dala od skupisk ludzkich","na prywatnych posesjach","tylko na strzelnicach","C","art. 45 uobia"
"Strzelnice powinny być zlokalizowane, zbudowane i zorganizowane w sposób:","nienaruszający wymogów związanych z ochroną środowiska","wykluczający możliwość wydostania się poza ich obręb pocisku wystrzelonego z broni ze stanowiska strzeleckiego w sposób zgodny z regulaminem strzelnicy","odpowiedzi a. i b. są prawidłowe","C","art. 46 ust. 1 uobia"
"Szczegółowe zasady zachowania bezpieczeństwa na strzelnicy określa:","regulamin strzelnicy","statut strzelnicy","prowadzący strzelanie","A","art. 46 ust. 2 uobia"
"Za bezpieczeństwo użytkowników strzelnicy oraz osób im towarzyszących odpowiada:","właściciel strzelnicy","zarządca strzelnicy","prowadzący strzelanie","C","Rozdział 1 ust. 1 wzorcowego regulaminu bezpiecznego funkcjonowania strzelnic"
Stanowiska strzeleckie dla osób korzystających ze strzelnicy:,"wyznacza prowadzący strzelanie","osoby korzystające ze strzelnicy wyznaczają sobie same","wyznacza właściciel strzelnicy","A","Rozdział 1 ust. 1 wzorcowego regulaminu bezpiecznego funkcjonowania strzelnic"
"Osobom towarzyszącym osobom korzystającym ze strzelnicy:","zabrania się przebywania na terenie strzelnicy","zabrania się wchodzenia na stanowiska strzeleckie oraz styczności z bronią","zabrania się wnoszenia jedz enia i picia na teren strzelnic","B","Rozdział 1 ust. 2 wzorcowego regulaminu bezpiecznego funkcjonowania strzelnic"
"Używanie broni innych osób korzystających ze strzelnicy jest:","zabronione","zabronione bez zgody prowadzącego strzelanie","zabronione bez zgody jej użytkownika",C,"Rozdział 1 ust. 2 wzorcowego regulaminu bezpiecznego funkcjonowania strzelnic"
"Spożywanie alkoholu lub używanie środków odurzających oraz przebywanie osób będących pod ich wpływem na strzelnicy jest:","dozwolone pod warunkiem wynajęcia strzelnicy przez zorganizowaną grupę osób","dozwolone za zgodą właściciela strzelnicy","zabronione","C","Rozdział 1 ust. 2 wzorcowego regulaminu bezpiecznego funkcjonowania strzelnic"
"Na strzelnicy, wyjmowanie broni odbywa się wyłącznie na stanowisku strzeleckim lub treningowym tylko:","na polecenie prowadzącego strzelanie lub trening strzelecki","za zgodą właściciela strzelnicy","za zgodą zarządcy strzelnicy","A","Rozdział 2 ust. 2 wzorcowego regulaminu bezpiecznego funkcjonowania strzelnic"
"Na strzelnicy, strzelanie rozpoczyna się wyłącznie na komendę:","właściciela strzelnicy","prowadzącego strzelanie","zarządcy strzelnicy","B","Rozdział 2 ust. 4 wzorcowego regulaminu bezpiecznego funkcjonowania strzelnic"
"Na strzelnicy, zakończenie strzelania zgłasza się:","zakończenia strzelania nie zgłasza się","osobie znajdującej się na sąsiadującym stanowisku strzeleckim","prowadzącemu strzelanie","C","Rozdział 2 ust. 5 wzorcowego regulaminu bezpiecznego funkcjonowania strzelnic"
"Na strzelnicy, po zakończeniu strzelania:","broń rozładowuje się i przedstawia do kontroli prowadzącemu strzelanie","broń rozładowuje się i chowa do kabury","broń rozładowuje się i pozos tawia na stanowisku strzeleckim","A","Rozdział 2 ust. 6 wzorcowego regulaminu bezpiecznego funkcjonowania strzelnic"
"Na strzelnicy, po zakończeniu strzelania, rozładowaniu broni i przedstawieniu jej prowadzącemu strzelanie:","podchodzi się do tarcz","opuszcza się stanowisko strzeleckie z bronią z otwartą komorą nabojową","opuszcza się stanowisko strzeleckie p ozostawiając broń na stanowisku",B,"Rozdział 2 ust. 6 wzorcowego regulaminu bezpiecznego funkcjonowania strzelnic"
"Na strzelnicy, podczas strzelania, komendę „STOP” może wydać:","wyłącznie prowadzący strzelanie","prowadzący strzelanie lub inna osoba","prowadzący strzelanie lub zarządca strzelnicy","B","Rozdział 3 ust. 4 wzorcowego regulaminu bezpiecznego funkcjonowania strzelnic"
"Na strzelnicy, podczas strzelania, po komendzie „STOP”:","strzelający bezzwłocznie przerywają  strzelanie","strzelający przerywają strzelanie po wyczerpaniu amunicji w magazynku","strzelający rozładowują broń i przedstaw iają ją prowadzącemu strzelanie","A","Rozdział 3 ust. 4 wzorcowego regulaminu bezpiecznego funkcjonowania strzelnic"
"Kto porzuca broń palną lub amunicję, która pozostaje w jego dyspozycji , podlega :","wyłącznie karze aresztu albo grzywny","grzywnie, karze ograniczenia wolności albo pozbawienia wolności do lat 2","wyłącznie karze grzywny","B","art. 50 uobia"
"Kto nie dopełnia obowiązku rejestracji broni, podlega :","grzywnie, karze ograniczenia wolności albo pozbawienia wolności do lat 2","karze aresztu albo grzywny","wyłącznie karze grzywny",B,"art. 51 ust. 2 uobia"
"Kto nie dopełnia obowiązku zawiadomienia Policji o utracie lub zbyciu innej osobie broni i amunicji do tej bron i, podlega :","grzywnie, karze ograniczenia wolności albo pozbawienia wolności do lat 2","wyłącznie karze grzywny","karze aresztu albo grzywny",C,"art. 51 ust. 2 uobia"
"Kto nosi broń, znajdując się w stanie po użyciu alkoholu , podlega :","grzywnie, karze ograniczenia wolności albo pozbaw ienia wolności do lat 2","karze aresztu albo grzywny","wyłącznie karze grzywny",B,"art. 51 ust. 2 uobia"
"Kto przechowuje oraz nosi broń i amunicję w sposób umożliwiający dostęp do nich osób nieuprawnionych, podlega :","grzywnie, karze ograniczenia wolności albo p ozbawienia wolności do lat 2","karze aresztu albo grzywny","wyłącznie karze grzywny",B,"art. 51 ust. 2 uobia"
"Kto używa w celach szkoleniowych lub sportowych broni zdolnej do rażenia celów na odległość poza strzelnicami, podlega :","karze aresztu albo grzywny","grzywnie, karze ograniczenia wolności albo pozbawienia wolności do lat 2","wyłącznie karze grzywny",A,"art. 51 ust. 2 uobia"
"Kto narusza przepisy regulaminu określającego zasady zachowania bezpieczeństwa na strzelnicy, podlega :","grzywnie, karze ograniczenia wolności albo pozbawienia wolności do lat 2","wyłącznie karze grzywny","karze aresztu albo grzywny",C,"art. 51 ust. 2 uobia"
"Kto posiada broń, nie mając przy sobie legitymacji posiadacza broni lub Europejskiej karty broni palnej albo innego dokumentu upoważniającego do posiadania br oni, podlega  (art. 51 ust. 3 uobia)","grzywnie, karze ograniczenia wolności albo pozbawienia wolności do lat 2","karze aresztu albo grzywny","wyłącznie karze grzywny",C,"art. 51 ust. 3 uobia"
"Kto posiada broń, nie mając przy sobie legitymacji osoby dopuszczonej do posiadania broni i świadectwa broni, podlega  (art. 51 ust. 3 uobia)","wyłącznie karze grzywny","grzywnie, karze ograniczenia wolności albo pozbawienia wolności do lat 2","wyłąc znie karze aresztu albo grzywny","A","art. 51 ust. 3 uobia"
"Nie popełnia przestępstwa, kto działając w obronie koniecznej odpiera bezpośredni, bezprawny zamach:","na życie, zdrowie, wolność człowieka oraz na mienie wielkiej wartości","na jakiekolwiek dobro chronione prawem","tylko na życie i zdrowie człowieka",B,"art. 25 kodeksu karnego"
"Do przekroczenia granic obrony koniecznej może dojść w sytuacji, gdy:","działania obronne wyprzedziły zamach","dobrem ratowanym nie było życie","dobro  ratowane było niskiej wartości",A,"art. 25 kodeksu karnego"
"Do przekroczenia granic obrony koniecznej może dojść w sytuacji, gdy:","dobrem ratowanym nie było życie","dobro ratowane było niskiej wartości","działania obronne były niewspółmierne do niebezpieczeństwa zamachu","C","art. 25 kodeksu karnego"
"Kto bez wymaganego zezwolenia wyrabia broń palną, podlega:","karze pozbawienia wolności od roku do lat 10","grzywnie, karze ograniczenia wolności albo pozbawienia wolności do lat 2","karze aresztu albo grzywny","A","art. 263 kodeksu karnego"
"Kto bez wymaganego zezwolenia posiada broń palną lub amunicję, podlega:","grzywnie, karze ograniczenia wolności albo pozb awienia wolności do lat 2","karze aresztu albo grzywny","karze pozbawienia wolności od 6 miesięcy  do lat 8",C,"art. 263 kodeksu karnego"
"Kto, mając zezwolenie na posiadanie broni palnej lub amunicji, udostępnia lub przekazuje ją osobie nieuprawnionej,  podlega :","grzywnie, karze ograniczenia wolności albo pozbawienia wolności do lat 2","karze aresztu albo grzywny","grzywnie","A","art. 263 kodeksu karnego"
"Kto nieumyślnie powoduje utratę broni palnej lub amunicji, która zgodnie z prawem pozostaje w jego dyspozycji,  podlega :","wyłącznie karze aresztu albo grzywny","grzywnie, karze ograniczenia wolności albo pozbawienia wolności do roku","grzywnie","B","art. 263 kodeksu karnego"